child,count
IT·웹·프로그램,62
IT·컴퓨터,32
가구·인테리어,70
건강·의학,52
게임,112
공연·전시,53
공연·전시·문화·예술,88
과학·자연관찰,47
교육·외국어,39
교육·학문,50
국내여행,67
드라마·방송,31
등산·낚시·레저,47
만화·애니,79
맛집,235
문학·책,47
미술·디자인,104
방송,20
비즈니스·경제,16
사진,294
생활공예,135
세계여행,59
스타·연예인,9
스포츠,153
시사·인문·경제,94
애완·반려동물,98
어학·외국어,38
여행,258
영화,142
와인·술,28
요리,247
요리·레시피,60
원예·재배,77
웹툰·페인팅·일러스트,146
육아,53
육아·결혼,31
음악,70
음향·영상,23
인테리어·DIY,58
일상,123
일상·생각,10
자동차,95
자필문학·에세이,75
지역·해외생활,78
차·커피·디저트,54
책,84
철도·항공·교통,28
취미,39
캠핑,32
토이·모형·수집,60
패션·미용,51
패션·뷰티,63
